Rider,Team,poids,E1,E2,E3,E4,E5,E6,E7,E8,E9,E10,E11,E12,E13,points,selected
Pogacar Tadej,UAE Team Emirates-XRG,20,13,20,43,0,0,48,13,13,23,43,13,13,13,255,1
Pedersen Mads,Lidl-Trek,15,7,0,0,35,19,5,17,14,20,5,15,17,5,159,1
del Toro Isaac,UAE Team Emirates-XRG,16,8,40,17,0,0,23,5,5,13,13,0,0,0,124,1
Merlier Tim,Soudal Quick-Step,16,0,0,0,0,18,0,30,30,0,0,6,30,0,114,1
Vingegaard Jonas,Team Visma | Lease a Bike,18,23,25,20,0,0,20,0,0,2,14,0,0,0,104,0
Kooij Olav,Decathlon CMA CGM Team,13,5,0,0,0,30,0,0,18,0,0,20,20,0,93,0
Philipsen Jasper,Alpecin-Premier Tech,16,4,0,0,0,16,0,16,17,0,0,18,18,0,89,0
Evenepoel Remco,Red Bull-BORA-hansgrohe,17,6,18,13,0,0,17,0,0,9,20,0,3,0,86,0
Girmay Biniam,NSN Cycling Team,11,0,0,0,0,15,0,18,20,0,0,15,17,0,85,1
Ayuso Juan,Lidl-Trek,15,12,9,11,0,0,14,0,0,0,21,5,5,5,82,0
Pidcock Tom,Pinarello-Q36.5 Pro Cycling Team,13,0,11,5,0,0,6,0,0,18,12,0,0,23,75,0
Seixas Paul,Decathlon CMA CGM Team,17,5,12,17,0,0,16,0,0,6,18,0,0,0,74,0
Wærenskjold Søren,Uno-X Mobility,9,0,0,0,0,11,0,20,10,0,0,30,0,0,71,1
Kanter Max,XDS Astana Team,8,0,0,0,0,20,0,17,12,0,0,3,14,0,66,1
Fretin Milan,Cofidis,9,0,0,0,0,13,0,8,11,0,0,17,16,0,65,1
Skjelmose Mattias,Lidl-Trek,11,7,16,10,0,0,13,0,0,0,15,0,0,0,61,0
Artz Huub,Lotto-Intermarché,3,0,0,0,0,17,0,14,0,0,0,16,11,0,58,1
Lipowitz Florian,Red Bull-BORA-hansgrohe,16,6,5,14,0,0,15,0,0,1,17,0,0,0,58,0
Johannessen Tobias Halland,Uno-X Mobility,10,0,15,16,0,0,3,0,0,20,3,0,0,0,57,0
Russo Clément,Groupama-FDJ United,6,3,0,0,0,8,0,5,13,0,0,13,13,0,55,1
Turgis Anthony,Team TotalEnergies,7,0,0,0,0,12,0,6,6,0,0,14,15,0,53,1
van der Poel Mathieu,Alpecin-Premier Tech,14,4,0,0,0,0,0,0,5,35,0,0,7,0,51,0
Ackermann Pascal,Team Jayco-AlUla,9,1,0,0,0,9,0,9,14,0,0,11,6,0,50,0
Martinez Lenny,Bahrain Victorious,12,2,13,8,0,0,12,0,0,0,11,0,0,0,46,0
Pluimers Rick,Tudor Pro Cycling Team,7,0,0,0,0,7,0,3,15,0,0,9,10,0,44,1
Baudin Alex,EF Education-EasyPost,8,0,6,10,5,5,0,0,0,17,0,0,0,0,43,0
Jegat Jordan,Team TotalEnergies,10,0,0,7,0,0,9,0,0,12,0,0,0,14,42,0
Carapaz Richard,EF Education-EasyPost,14,0,7,18,0,0,0,0,0,0,15,0,0,0,40,0
Vauquelin Kévin,Netcompany INEOS Cycling Team,13,10,0,0,15,0,0,0,0,0,0,0,0,15,40,0
Godon Dorian,Netcompany INEOS Cycling Team,8,10,0,0,0,6,0,13,7,0,0,0,0,0,36,0
Bernal Egan,Netcompany INEOS Cycling Team,12,15,0,4,0,0,10,0,0,0,6,0,0,0,35,0
Matthews Michael,Team Jayco-AlUla,9,1,0,0,10,0,0,0,0,14,0,0,0,8,33,0
Van Wilder Ilan,Soudal Quick-Step,9,0,8,9,0,0,7,0,0,0,8,0,0,0,32,0
Bittner Pavel,Team Picnic PostNL,9,0,0,0,0,5,0,10,16,0,0,0,0,0,31,0
Schmid Mauro,Team Jayco-AlUla,7,1,0,0,0,0,0,0,0,0,0,0,0,30,31,0
Gaviria Fernando,Caja Rural-Seguros RGA,8,0,0,0,0,4,0,7,8,0,0,12,0,0,31,0
Debruyne Ramses,Alpecin-Premier Tech,7,4,0,0,16,0,0,0,0,4,7,0,0,0,31,0
Træen Torstein,Uno-X Mobility,5,0,0,0,21,8,0,0,0,0,0,0,0,0,29,1
Tejada Harold,XDS Astana Team,8,0,0,0,0,0,8,0,0,0,0,0,0,20,28,0
García Raúl,Movistar Team,7,0,0,0,18,0,0,0,0,0,0,0,0,10,28,0
Vacek Mathias,Lidl-Trek,7,7,0,0,16,5,0,0,0,0,0,0,0,0,28,0
Quinn Sean,EF Education-EasyPost,5,0,0,0,14,0,0,0,0,11,2,0,0,0,27,1
Van Eetvelt Lennert,Lotto-Intermarché,10,0,10,15,0,0,2,0,0,0,0,0,0,0,27,0
Simmons Quinn,Lidl-Trek,8,7,0,0,20,0,0,0,0,0,0,0,0,0,27,0
Ganna Filippo,Netcompany INEOS Cycling Team,10,10,0,0,0,0,0,0,0,16,0,0,0,0,26,0
Kuss Sepp,Team Visma | Lease a Bike,10,15,0,0,0,0,11,0,0,0,0,0,0,0,26,0
Piganzoli Davide,Team Visma | Lease a Bike,9,15,0,1,0,0,0,0,0,0,9,0,0,0,25,0
Berckmoes Jenno,Lotto-Intermarché,8,0,0,0,0,10,0,4,3,0,0,8,0,0,25,0
McNulty Brandon,UAE Team Emirates-XRG,9,8,0,0,0,0,1,0,0,0,0,0,0,16,25,0
Bauhaus Phil,Bahrain Victorious,9,2,0,0,0,3,0,15,4,0,0,0,0,0,24,0
Van Gils Maxim,Red Bull-BORA-hansgrohe,9,6,0,0,0,0,0,0,0,0,0,0,0,17,23,0
Breuillard Nicolas,Team TotalEnergies,3,0,0,0,0,0,0,0,0,13,0,0,0,7,20,1
Wellens Tim,UAE Team Emirates-XRG,10,8,0,0,0,0,0,0,0,0,0,0,0,12,20,0
Yates Adam,UAE Team Emirates-XRG,14,8,3,0,0,0,4,0,0,0,4,0,0,0,19,0
Castrillo Pablo,Movistar Team,8,0,0,0,17,0,0,0,0,0,1,0,0,0,18,0
Frigo Marco,NSN Cycling Team,6,0,0,0,17,0,0,0,0,0,0,0,0,0,17,0
Grégoire Romain,Groupama-FDJ United,10,3,14,0,0,0,0,0,0,0,0,0,0,0,17,0
Wright Fred,Pinarello-Q36.5 Pro Cycling Team,7,0,0,0,0,0,0,2,2,0,0,4,9,0,17,0
Braz Afonso Clément,Groupama-FDJ United,5,3,0,0,0,0,0,0,0,0,0,0,0,13,16,0
Affini Edoardo,Team Visma | Lease a Bike,5,15,0,0,0,0,0,0,0,0,0,0,0,0,15,0
Jorgenson Matteo,Team Visma | Lease a Bike,13,15,0,0,0,0,0,0,0,0,0,0,0,0,15,0
Veistroffer Baptiste,Lotto-Intermarché,5,0,0,0,0,5,0,5,0,0,0,0,5,0,15,0
Hagenes Per Strand,Team Visma | Lease a Bike,8,15,0,0,0,0,0,0,0,0,0,0,0,0,15,0
Armirail Bruno,Team Visma | Lease a Bike,7,15,0,0,0,0,0,0,0,0,0,0,0,0,15,0
Campenaerts Victor,Team Visma | Lease a Bike,7,15,0,0,0,0,0,0,0,0,0,0,0,0,15,0
Voisard Yannis,Tudor Pro Cycling Team,4,0,0,0,0,0,5,0,0,3,5,0,0,0,13,0
Biermans Jenthe,Cofidis,7,0,0,0,0,0,0,0,0,0,0,5,8,0,13,0
Benoot Tiesj,Decathlon CMA CGM Team,8,5,0,3,0,0,0,0,0,5,0,0,0,0,13,0
Vermeersch Florian,UAE Team Emirates-XRG,8,8,0,0,0,0,0,0,0,0,0,0,4,0,12,0
Plapp Luke,Team Jayco-AlUla,8,1,0,0,0,0,0,0,0,0,0,0,0,11,12,0
Stuyven Jasper,Soudal Quick-Step,9,0,0,0,7,0,0,0,0,0,0,0,5,0,12,0
Arensman Thymen,Netcompany INEOS Cycling Team,12,10,0,2,0,0,0,0,0,0,0,0,0,0,12,0
Molenaar Alex,Caja Rural-Seguros RGA,6,0,5,0,6,0,0,0,0,0,0,0,0,0,11,0
Van Asbroeck Tom,NSN Cycling Team,7,0,0,0,0,0,0,11,0,0,0,0,0,0,11,0
Foss Tobias,Netcompany INEOS Cycling Team,6,10,1,0,0,0,0,0,0,0,0,0,0,0,11,0
Kwiatkowski Michal,Netcompany INEOS Cycling Team,7,10,0,0,0,0,0,0,0,0,0,0,0,0,10,0
Tarling Joshua,Netcompany INEOS Cycling Team,7,10,0,0,0,0,0,0,0,0,0,0,0,0,10,0
Van Mechelen Vlad,Bahrain Victorious,6,2,0,0,8,0,0,0,0,0,0,0,0,0,10,0
Delettre Alexandre,Team TotalEnergies,5,0,0,0,9,0,0,0,0,0,0,0,0,0,9,0
Valgren Michael,EF Education-EasyPost,6,0,0,0,0,0,0,0,0,0,0,0,0,9,9,0
Higuita Sergio,XDS Astana Team,8,0,2,6,0,0,0,0,0,0,0,0,0,0,8,0
Politt Nils,UAE Team Emirates-XRG,7,8,0,0,0,0,0,0,0,0,0,0,0,0,8,0
Großschartner Felix,UAE Team Emirates-XRG,5,8,0,0,0,0,0,0,0,0,0,0,0,0,8,0
Verona Carlos,Lidl-Trek,4,7,0,0,0,0,0,0,0,0,0,0,0,0,7,0
Gee-West Derek,Lidl-Trek,14,7,0,0,0,0,0,0,0,0,0,0,0,0,7,0
Aranburu Alex,Cofidis,8,0,0,0,0,0,0,0,0,7,0,0,0,0,7,0
Skujins Toms,Lidl-Trek,7,7,0,0,0,0,0,0,0,0,0,0,0,0,7,0
Oldani Stefano,Caja Rural-Seguros RGA,5,0,0,0,0,0,0,0,0,0,0,7,0,0,7,0
Hindley Jai,Red Bull-BORA-hansgrohe,14,6,0,0,0,0,0,0,0,0,0,0,0,0,6,0
Tratnik Jan,Red Bull-BORA-hansgrohe,7,6,0,0,0,0,0,0,0,0,0,0,0,0,6,0
Denz Nico,Red Bull-BORA-hansgrohe,5,6,0,0,0,0,0,0,0,0,0,0,0,0,6,0
Engelhardt Felix,Team Jayco-AlUla,4,1,5,0,0,0,0,0,0,0,0,0,0,0,6,0
Cattaneo Mattia,Red Bull-BORA-hansgrohe,7,6,0,0,0,0,0,0,0,0,0,0,0,0,6,0
Hirschi Marc,Tudor Pro Cycling Team,7,0,0,0,0,0,0,0,0,0,0,0,0,6,6,0
van Dijke Tim,Red Bull-BORA-hansgrohe,8,6,0,0,0,0,0,0,0,0,0,0,0,0,6,0
Slock Liam,Lotto-Intermarché,4,0,0,0,0,0,0,0,5,0,0,0,0,0,5,0
Riccitello Matthew,Decathlon CMA CGM Team,11,5,0,0,0,0,0,0,0,0,0,0,0,0,5,0
Charmig Anthon,Uno-X Mobility,7,0,0,0,0,0,0,0,0,0,0,5,0,0,5,0
Paret-Peintre Aurélien,Decathlon CMA CGM Team,7,5,0,0,0,0,0,0,0,0,0,0,0,0,5,0
Hoole Daan,Decathlon CMA CGM Team,6,5,0,0,0,0,0,0,0,0,0,0,0,0,5,0
Bol Cees,Decathlon CMA CGM Team,7,5,0,0,0,0,0,0,0,0,0,0,0,0,5,0
van den Broek Frank,Team Picnic PostNL,7,0,0,0,5,0,0,0,0,0,0,0,0,0,5,0
Prodhomme Nicolas,Decathlon CMA CGM Team,7,5,0,0,0,0,0,0,0,0,0,0,0,0,5,0
Bennett George,NSN Cycling Team,6,0,0,0,0,0,0,0,0,0,0,0,0,5,5,0
Marsman Tim,Alpecin-Premier Tech,3,4,0,0,0,0,0,0,0,0,0,0,0,0,4,0
Izagirre Ion,Cofidis,7,0,0,0,1,0,0,0,0,0,0,0,0,3,4,0
Dillier Silvan,Alpecin-Premier Tech,4,4,0,0,0,0,0,0,0,0,0,0,0,0,4,0
Craps Lars,Lotto-Intermarché,4,0,0,0,0,0,0,0,0,0,0,0,0,4,4,0
Planckaert Edward,Alpecin-Premier Tech,6,4,0,0,0,0,0,0,0,0,0,0,0,0,4,0
Rickaert Jonas,Alpecin-Premier Tech,6,4,0,0,0,0,0,0,0,0,0,0,0,0,4,0
Zimmermann Georg,Lotto-Intermarché,6,0,0,0,4,0,0,0,0,0,0,0,0,0,4,0
Pacher Quentin,Groupama-FDJ United,6,3,0,0,0,0,0,0,1,0,0,0,0,0,4,0
Verstrynge Emiel,Alpecin-Premier Tech,9,4,0,0,0,0,0,0,0,0,0,0,0,0,4,0
Uijtdebroeks Cian,Movistar Team,10,0,4,0,0,0,0,0,0,0,0,0,0,0,4,0
Stannard Robert,Bahrain Victorious,4,2,0,0,0,0,0,0,0,0,0,0,1,0,3,0
Germani Lorenzo,Groupama-FDJ United,4,3,0,0,0,0,0,0,0,0,0,0,0,0,3,0
Asgreen Kasper,EF Education-EasyPost,7,0,0,0,0,0,0,0,0,0,0,1,2,0,3,0
Hermans Quinten,Pinarello-Q36.5 Pro Cycling Team,7,0,0,0,3,0,0,0,0,0,0,0,0,0,3,0
Martin-Guyonnet Guillaume,Groupama-FDJ United,9,3,0,0,0,0,0,0,0,0,0,0,0,0,3,0
Costiou Ewen,Groupama-FDJ United,7,3,0,0,0,0,0,0,0,0,0,0,0,0,3,0
Berthet Clément,Groupama-FDJ United,1000,3,0,0,0,0,0,0,0,0,0,0,0,0,3,0
O'Connor Ben,Team Jayco-AlUla,12,1,0,0,0,0,0,0,0,0,0,0,0,2,3,0
Cort Magnus,Uno-X Mobility,9,0,0,0,0,0,0,0,0,0,0,2,0,1,3,0
Nicolau Joel,Caja Rural-Seguros RGA,3,0,0,0,2,0,0,0,0,0,0,0,0,0,2,0
Gradek Kamil,Bahrain Victorious,4,2,0,0,0,0,0,0,0,0,0,0,0,0,2,0
Gate Aaron,XDS Astana Team,5,0,0,0,0,1,0,1,0,0,0,0,0,0,2,0
Teunissen Mike,XDS Astana Team,7,0,0,0,0,2,0,0,0,0,0,0,0,0,2,0
Caruso Damiano,Bahrain Victorious,7,2,0,0,0,0,0,0,0,0,0,0,0,0,2,0
Tiberi Antonio,Bahrain Victorious,14,2,0,0,0,0,0,0,0,0,0,0,0,0,2,0
Mohoric Matej,Bahrain Victorious,9,2,0,0,0,0,0,0,0,0,0,0,0,0,2,0
Durbridge Luke,Team Jayco-AlUla,4,1,0,0,0,0,0,0,0,0,0,0,0,0,1,0
O'Brien Kelland,Team Jayco-AlUla,1000,1,0,0,0,0,0,0,0,0,0,0,0,0,1,0
Parra José Félix,Caja Rural-Seguros RGA,5,0,0,0,0,0,0,0,0,0,0,0,0,0,0,0
Romo Javier,Movistar Team,8,0,0,0,0,0,0,0,0,0,0,0,0,0,0,0
Balderstone Abel,Caja Rural-Seguros RGA,8,0,0,0,0,0,0,0,0,0,0,0,0,0,0,0
Delbove Joris,Team TotalEnergies,3,0,0,0,0,0,0,0,0,0,0,0,0,0,0,0
Johannessen Anders Halland,Uno-X Mobility,6,0,0,0,0,0,0,0,0,0,0,0,0,0,0,0
Skaarseth Anders,Uno-X Mobility,4,0,0,0,0,0,0,0,0,0,0,0,0,0,0,0
Eenkhoorn Pascal,Soudal Quick-Step,5,0,0,0,0,0,0,0,0,0,0,0,0,0,0,0
Steinhauser Georg,EF Education-EasyPost,6,0,0,0,0,0,0,0,0,0,0,0,0,0,0,0
Dhondt Robbe,Team Picnic PostNL,3,0,0,0,0,0,0,0,0,0,0,0,0,0,0,0
Berwick Sebastian,Caja Rural-Seguros RGA,7,0,0,0,0,0,0,0,0,0,0,0,0,0,0,0
Vervaeke Louis,Soudal Quick-Step,6,0,0,0,0,0,0,0,0,0,0,0,0,0,0,0
Harper Chris,Pinarello-Q36.5 Pro Cycling Team,8,0,0,0,0,0,0,0,0,0,0,0,0,0,0,0
Meurisse Xandro,Pinarello-Q36.5 Pro Cycling Team,6,0,0,0,0,0,0,0,0,0,0,0,0,0,0,0
Guernalec Thibault,Team TotalEnergies,4,0,0,0,0,0,0,0,0,0,0,0,0,0,0,0
Oliveira Nelson,Movistar Team,5,0,0,0,0,0,0,0,0,0,0,0,0,0,0,0
Vercher Mattéo,Team TotalEnergies,5,0,0,0,0,0,0,0,0,0,0,0,0,0,0,0
Thomas Benjamin,Cofidis,6,0,0,0,0,0,0,0,0,0,0,0,0,0,0,0
van Baarle Dylan,Soudal Quick-Step,8,0,0,0,0,0,0,0,0,0,0,0,0,0,0,0
Alaphilippe Julian,Tudor Pro Cycling Team,9,0,0,0,0,0,0,0,0,0,0,0,0,0,0,0
Paret-Peintre Valentin,Soudal Quick-Step,9,0,0,0,0,0,0,0,0,0,0,0,0,0,0,0
Märkl Niklas,Team Picnic PostNL,4,0,0,0,0,0,0,0,0,0,0,0,0,0,0,0
Le Berre Mathis,Team TotalEnergies,5,0,0,0,0,0,0,0,0,0,0,0,0,0,0,0
Walker Max,EF Education-EasyPost,4,0,0,0,0,0,0,0,0,0,0,0,0,0,0,0
Healy Ben,EF Education-EasyPost,10,0,0,0,0,0,0,0,0,0,0,0,0,0,0,0
Heßmann Michel,Movistar Team,4,0,0,0,0,0,0,0,0,0,0,0,0,0,0,0
Askey Lewis,NSN Cycling Team,7,0,0,0,0,0,0,0,0,0,0,0,0,0,0,0
Abrahamsen Jonas,Uno-X Mobility,7,0,0,0,0,0,0,0,0,0,0,0,0,0,0,0
Vinokurov Nicolas,XDS Astana Team,3,0,0,0,0,0,0,0,0,0,0,0,0,0,0,0
Page Hugo,Cofidis,6,0,0,0,0,0,0,0,0,0,0,0,0,0,0,0
Rubio Einer,Movistar Team,8,0,0,0,0,0,0,0,0,0,0,0,0,0,0,0
Barguil Warren,Team Picnic PostNL,6,0,0,0,0,0,0,0,0,0,0,0,0,0,0,0
Degenkolb John,Team Picnic PostNL,6,0,0,0,0,0,0,0,0,0,0,0,0,0,0,0
Azparren Xabier,Pinarello-Q36.5 Pro Cycling Team,4,0,0,0,0,0,0,0,0,0,0,0,0,0,0,0
Howson Damien,Pinarello-Q36.5 Pro Cycling Team,7,0,0,0,0,0,0,0,0,0,0,0,0,0,0,0
Cepeda Jefferson,Movistar Team,7,0,0,0,0,0,0,0,0,0,0,0,0,0,0,0
Louvel Matis,NSN Cycling Team,5,0,0,0,0,0,0,0,0,0,0,0,0,0,0,0
Van Moer Brent,Pinarello-Q36.5 Pro Cycling Team,6,0,0,0,0,0,0,0,0,0,0,0,0,0,0,0
Biesterbos Frits,Team Picnic PostNL,3,0,0,0,0,0,0,0,0,0,0,0,0,0,0,0
Storer Michael,Tudor Pro Cycling Team,13,0,0,0,0,0,0,0,0,0,0,0,0,0,0,0
Otruba Jakub,Caja Rural-Seguros RGA,3,0,0,0,0,0,0,0,0,0,0,0,0,0,0,0
Neilands Krists,NSN Cycling Team,7,0,0,0,0,0,0,0,0,0,0,0,0,0,0,0
Kirsch Alex,Cofidis,6,0,0,0,0,0,0,0,0,0,0,0,0,0,0,0
Stewart Jake,NSN Cycling Team,7,0,0,0,0,0,0,0,0,0,0,0,0,0,0,0
de Kleijn Arvid,Tudor Pro Cycling Team,8,0,0,0,0,0,0,0,0,0,0,0,0,0,0,0
van den Berg Julius,Team Picnic PostNL,5,0,0,0,0,0,0,0,0,0,0,0,0,0,0,0
Velasco Simone,XDS Astana Team,6,0,0,0,0,0,0,0,0,0,0,0,0,0,0,0
Allegaert Piet,Cofidis,7,0,0,0,0,0,0,0,0,0,0,0,0,0,0,0
Van Lerberghe Bert,Soudal Quick-Step,5,0,0,0,0,0,0,0,0,0,0,0,0,0,0,0
Trentin Matteo,Tudor Pro Cycling Team,8,0,0,0,0,0,0,0,0,0,0,0,0,0,0,0
Ballerini Davide,XDS Astana Team,8,0,0,0,0,0,0,0,0,0,0,0,0,0,0,0
Haller Marco,Tudor Pro Cycling Team,6,0,0,0,0,0,0,0,0,0,0,0,0,0,0,0
De Lie Arnaud,Lotto-Intermarché,1000,0,0,0,0,0,0,0,0,0,0,0,0,0,0,0
